{
  "name": "apritree:purple",
  "mod": "apritree",
  "sapling": {
    "name": "apritree:apricorn_sapling",
    "data": 7
  },
  "growTimeMultiplier": 1.0,
  "drops": [
    {
      "name": "minecraft:stick",
      "data": 0,
      "type": "STICK"
    },
    {
      "name": "apritree:apricorn_sapling",
      "data": 7,
      "type": "SAPLING"
    },
    {
      "name": "apritree:apricorn_log_two",
      "data": 3,
      "type": "WOOD"
    },
    {
      "name": "apritree:apricorn_leaf_two",
      "data": 3,
      "type": "LEAVES"
    },
    {
      "name": "apritree:apricorn",
      "data": 0,
      "type": "FRUIT"
    }
  ]
}