{
  "name": "apritree:lightblue",
  "mod": "apritree",
  "sapling": {
    "name": "apritree:apricorn_sapling_cultivated",
    "data": 5
  },
  "growTimeMultiplier": 1.0,
  "drops": [
    {
      "name": "minecraft:stick",
      "data": 0,
      "type": "STICK"
    },
    {
      "name": "apritree:apricorn_sapling_cultivated",
      "data": 5,
      "type": "SAPLING"
    },
    {
      "name": "apritree:apricorn_log_four",
      "data": 1,
      "type": "WOOD"
    },
    {
      "name": "apritree:apricorn_leaf_four",
      "data": 1,
      "type": "LEAVES"
    },
    {
      "name": "apritree:apricorn",
      "data": 9,
      "type": "FRUIT"
    }
  ]
}