{
  "name": "apritree:ultra",
  "mod": "apritree",
  "sapling": {
    "name": "apritree:apricorn_sapling_ultra",
    "data": 0
  },
  "growTimeMultiplier": 1.0,
  "drops": [
    {
      "name": "minecraft:stick",
      "data": 0,
      "type": "STICK"
    },
    {
      "name": "apritree:apricorn_sapling_ultra",
      "data": 0,
      "type": "SAPLING"
    },
    {
      "name": "apritree:apricorn_log_ultra",
      "data": 0,
      "type": "WOOD"
    },
    {
      "name": "apritree:apricorn_leaf_ultra",
      "data": 0,
      "type": "LEAVES"
    },
    {
      "name": "apritree:apricorn",
      "data": 2,
      "type": "FRUIT"
    }
  ]
}