{
  "name": "apritree:striped",
  "mod": "apritree",
  "sapling": {
    "name": "apritree:apricorn_sapling_special",
    "data": 3
  },
  "growTimeMultiplier": 1.0,
  "drops": [
    {
      "name": "minecraft:stick",
      "data": 0,
      "type": "STICK"
    },
    {
      "name": "apritree:apricorn_sapling_special",
      "data": 3,
      "type": "SAPLING"
    },
    {
      "name": "apritree:apricorn_log_five",
      "data": 3,
      "type": "WOOD"
    },
    {
      "name": "apritree:apricorn_leaf_five",
      "data": 3,
      "type": "LEAVES"
    },
    {
      "name": "apritree:apricorn",
      "data": 15,
      "type": "FRUIT"
    }
  ]
}