{
  "type": "apritree:blue",
  "version": 2,
  "ref": {
    "a": {
      "name": "apritree:apricorn_log_two",
      "meta": 0
    },
    "b": {
      "name": "apritree:apricorn_leaf_two",
      "meta": 0
    },
    "c": {
      "name": "apritree:apricorn_leaf_two",
      "meta": 8
    }
  },
  "shape": [
    [
      "     ",
      "     ",
      "bbbb ",
      " bbb ",
      "     ",
      "     ",
      "     ",
      "     "
    ],
    [
      "  c  ",
      "  c  ",
      "bcccb",
      "bcccb",
      "     ",
      "     ",
      "     ",
      "     "
    ],
    [
      " ccc ",
      " cac ",
      "bcacb",
      "bcacb",
      "  a  ",
      "  a  ",
      "  a  ",
      "  a  "
    ],
    [
      "  c  ",
      " cc  ",
      "bcccb",
      "bcccb",
      "     ",
      "     ",
      "     ",
      "     "
    ],
    [
      "     ",
      "     ",
      " bbbb",
      "bbbbb",
      "     ",
      "     ",
      "     ",
      "     "
    ]
  ]
}