{
  "type": "apritree:gilded",
  "version": 2,
  "ref": {
    "a": {
      "name": "apritree:apricorn_log_five",
      "meta": 0
    },
    "b": {
      "name": "apritree:apricorn_leaf_five",
      "meta": 0
    },
    "c": {
      "name": "apritree:apricorn_leaf_five",
      "meta": 8
    }
  },
  "shape": [
    [
      "     ",
      "     ",
      "ccccc",
      " cccc",
      "     ",
      "     ",
      "     ",
      "     ",
      "     "
    ],
    [
      "  b  ",
      "  bb ",
      "cbbbc",
      "cbbbc",
      "     ",
      "     ",
      "     ",
      "     ",
      "     "
    ],
    [
      " bbb ",
      " bab ",
      "cbabc",
      "cbabc",
      "  a  ",
      "  a  ",
      "  a  ",
      "  a  ",
      "  a  "
    ],
    [
      "  b  ",
      "  b  ",
      "cbbbc",
      "cbbbc",
      "     ",
      "     ",
      "     ",
      "     ",
      "     "
    ],
    [
      "     ",
      "     ",
      " ccc ",
      " ccc ",
      "     ",
      "     ",
      "     ",
      "     ",
      "     "
    ]
  ]
}